"Country","EIU Liveability 2025","Monocle QoL 2025","Climate","English Proficiency","Major Expat Hubs","Time Zone from US (EST)","Direct Flights from US"
"Portugal","Not in top 10","#8 Lisbon","Mediterranean; 300 days sun; avg 16.8°C","Moderate; high in Algarve/Lisbon","Lisbon, Porto, Lagos (Algarve)","+5 hours","Yes (Newark, JFK, Boston)"
"Spain","Not in top 10","#2 Madrid, #4 Barcelona","Mediterranean coast; continental interior","Moderate-High in cities; younger generation fluent","Madrid, Barcelona, Valencia, Alicante","+6 hours","Yes (many major cities)"
"Germany","Not in top 10","Not in top 10","Continental; cold winters; moderate summers","Moderate-High in cities","Berlin, Munich, Frankfurt","+6 hours","Yes (many major cities)"
"Mexico","Not in top 10","#7 Mexico City","Varies widely; Mexico City temperate; coasts tropical","Moderate in expat areas; lower elsewhere","Mexico City, San Miguel de Allende, Ajijic, Puerto Vallarta, Playa del Carmen","0 to -2 hours","Yes (extensive)"
"Costa Rica","Not in top 10","Not in top 10","Tropical; Boquete cool mountain climate","Moderate in tourist/expat areas","San José, Boquete (Panama border)","-1 hour (CST)","Yes (direct flights)"
"Italy","Not in top 10","Not in top 10","Mediterranean; varies by region","Moderate in cities; Tuscany high English","Rome, Florence, Milan, Bologna","+6 hours","Yes (Rome, Milan)"
"France","Not in top 10","#1 Paris","Temperate; Mediterranean south","High in Paris; moderate elsewhere","Paris, Lyon, Bordeaux, Nice","+6 hours","Yes (Paris extensive)"
"Canada","Toronto not in top 10","Not in top 10","Continental; harsh winters; warm summers","Native English (except Quebec)","Toronto, Vancouver, Montreal, Calgary","0 to -3 hours","Yes (extensive)"
"Netherlands","Not in top 10","Not in top 10","Temperate maritime; cool/rainy","Very High (90%+ fluency)","Amsterdam, Rotterdam, The Hague","+6 hours","Yes (Amsterdam)"
"Australia","Not in top 10","Not in top 10","Varies; temperate to tropical","Native English","Sydney, Melbourne, Brisbane, Perth","+14 to +16 hours","Yes (direct to Sydney, Melbourne)"
"New Zealand","Christchurch: 59.4","Not in top 10","Temperate maritime","Native English","Auckland, Wellington, Christchurch","+17 to +18 hours","Yes (direct to Auckland)"
"UK","London rank declined","Not in top 10","Temperate maritime; cool/rainy","Native English","London, Manchester, Edinburgh, Brighton","+5 hours","Yes (extensive)"
"Ireland","Not in top 10","Not in top 10","Temperate maritime; rainy","Native English","Dublin, Cork, Galway","+5 hours","Yes (Dublin, Shannon)"
"Uruguay","Not in top 10","Not in top 10","Temperate; mild seasons","Low; Spanish dominant","Montevideo, Punta del Este","+2 hours","Limited (connections via Buenos Aires)"
"Thailand","Not in top 10","Not in top 10","Tropical; hot/humid; Bangkok avg 27.9°C","Moderate in tourist areas; low elsewhere","Bangkok, Chiang Mai, Phuket, Hua Hin","+12 hours","Yes (Bangkok direct)"
"Japan","Tokyo #9","#9 Tokyo","Varies; temperate with 4 seasons","Low-Moderate in cities; low elsewhere","Tokyo, Osaka, Kyoto, Fukuoka","+14 hours","Yes (Tokyo, Osaka direct)"
"Argentina","Not in top 10","Not in top 10","Varies; Buenos Aires temperate","Moderate in Buenos Aires; lower elsewhere","Buenos Aires, Córdoba, Mendoza","+2 hours","Yes (Buenos Aires)"